Workbook

Sheet Pivot - Appointments
A1: Appointment Status by Department (Pivot Table)
A3: Department | B3: Completed | C3: No Show | D3: Rescheduled | E3: Cancelled | F3: Grand Total | G3: Completion %
A4: Cardiology | B4: =COUNTIFS('Raw Appointments'!$B$2:$B$207,$A4,'Raw Appointments'!$C$2:$C$207,B$3) -> 13 | C4: =COUNTIFS('Raw Appointments'!$B$2:$B$207,$A4,'Raw Appointments'!$C$2:$C$207,C$3) -> 5 | D4: =COUNTIFS('Raw Appointments'!$B$2:$B$207,$A4,'Raw Appointments'!$C$2:$C$207,D$3) -> 8 | E4: =COUNTIFS('Raw Appointments'!$B$2:$B$207,$A4,'Raw Appointments'!$C$2:$C$207,E$3) -> 11 | F4: =SUM(B4:E4) -> 37 | G4: =B4/F4 -> 0.35135135
A5: Orthopedics | B5: =COUNTIFS('Raw Appointments'!$B$2:$B$207,$A5,'Raw Appointments'!$C$2:$C$207,B$3) -> 8 | C5: =COUNTIFS('Raw Appointments'!$B$2:$B$207,$A5,'Raw Appointments'!$C$2:$C$207,C$3) -> 14 | D5: =COUNTIFS('Raw Appointments'!$B$2:$B$207,$A5,'Raw Appointments'!$C$2:$C$207,D$3) -> 7 | E5: =COUNTIFS('Raw Appointments'!$B$2:$B$207,$A5,'Raw Appointments'!$C$2:$C$207,E$3) -> 5 | F5: =SUM(B5:E5) -> 34 | G5: =B5/F5 -> 0.23529412
A6: Neurology | B6: =COUNTIFS('Raw Appointments'!$B$2:$B$207,$A6,'Raw Appointments'!$C$2:$C$207,B$3) -> 9 | C6: =COUNTIFS('Raw Appointments'!$B$2:$B$207,$A6,'Raw Appointments'!$C$2:$C$207,C$3) -> 10 | D6: =COUNTIFS('Raw Appointments'!$B$2:$B$207,$A6,'Raw Appointments'!$C$2:$C$207,D$3) -> 10 | E6: =COUNTIFS('Raw Appointments'!$B$2:$B$207,$A6,'Raw Appointments'!$C$2:$C$207,E$3) -> 8 | F6: =SUM(B6:E6) -> 37 | G6: =B6/F6 -> 0.24324324
A7: Oncology | B7: =COUNTIFS('Raw Appointments'!$B$2:$B$207,$A7,'Raw Appointments'!$C$2:$C$207,B$3) -> 7 | C7: =COUNTIFS('Raw Appointments'!$B$2:$B$207,$A7,'Raw Appointments'!$C$2:$C$207,C$3) -> 11 | D7: =COUNTIFS('Raw Appointments'!$B$2:$B$207,$A7,'Raw Appointments'!$C$2:$C$207,D$3) -> 8 | E7: =COUNTIFS('Raw Appointments'!$B$2:$B$207,$A7,'Raw Appointments'!$C$2:$C$207,E$3) -> 8 | F7: =SUM(B7:E7) -> 34 | G7: =B7/F7 -> 0.20588235
A8: Pediatrics | B8: =COUNTIFS('Raw Appointments'!$B$2:$B$207,$A8,'Raw Appointments'!$C$2:$C$207,B$3) -> 11 | C8: =COUNTIFS('Raw Appointments'!$B$2:$B$207,$A8,'Raw Appointments'!$C$2:$C$207,C$3) -> 6 | D8: =COUNTIFS('Raw Appointments'!$B$2:$B$207,$A8,'Raw Appointments'!$C$2:$C$207,D$3) -> 12 | E8: =COUNTIFS('Raw Appointments'!$B$2:$B$207,$A8,'Raw Appointments'!$C$2:$C$207,E$3) -> 9 | F8: =SUM(B8:E8) -> 38 | G8: =B8/F8 -> 0.28947368
A9: General Medicine | B9: =COUNTIFS('Raw Appointments'!$B$2:$B$207,$A9,'Raw Appointments'!$C$2:$C$207,B$3) -> 9 | C9: =COUNTIFS('Raw Appointments'!$B$2:$B$207,$A9,'Raw Appointments'!$C$2:$C$207,C$3) -> 6 | D9: =COUNTIFS('Raw Appointments'!$B$2:$B$207,$A9,'Raw Appointments'!$C$2:$C$207,D$3) -> 5 | E9: =COUNTIFS('Raw Appointments'!$B$2:$B$207,$A9,'Raw Appointments'!$C$2:$C$207,E$3) -> 6 | F9: =SUM(B9:E9) -> 26 | G9: =B9/F9 -> 0.34615385
A10: Grand Total | B10: =SUM(B4:B9) -> 57 | C10: =SUM(C4:C9) -> 52 | D10: =SUM(D4:D9) -> 50 | E10: =SUM(E4:E9) -> 47 | F10: =SUM(F4:F9) -> 206 | G10: =B10/F10 -> 0.27669903

Sheet Raw Appointments
A1: AppointmentID | B1: Department | C1: Status
A2: A7515 | B2: Orthopedics | C2: No Show
A3: A7537 | B3: General Medicine | C3: Completed
A4: A8866 | B4: Neurology | C4: Rescheduled
A5: A3039 | B5: Pediatrics | C5: Cancelled
A6: A3237 | B6: Pediatrics | C6: Rescheduled
A7: A8127 | B7: Neurology | C7: No Show
A8: A7025 | B8: Neurology | C8: No Show
A9: A8462 | B9: Cardiology | C9: Completed
A10: A9018 | B10: Orthopedics | C10: Rescheduled
A11: A7791 | B11: Orthopedics | C11: No Show
A12: A4362 | B12: Orthopedics | C12: No Show
A13: A4362 | B13: Orthopedics | C13: No Show
B14: Pediatrics | C14: Cancelled
A15: A1132 | B15: Cardiology | C15: Completed
A16: A6499 | B16: Orthopedics | C16: Rescheduled
A17: A2196 | B17: Neurology | C17: Completed
A18: A7135 | B18: Neurology | C18: Completed
A19: A8788 | B19: Pediatrics | C19: Cancelled
A20: A1284 | B20: Neurology | C20: Rescheduled
A21: A7527 | B21: Cardiology | C21: Cancelled
A22: A5514 | B22: Oncology | C22: Cancelled
A23: A4853 | B23: Pediatrics | C23: Rescheduled
A24: A4504 | B24: General Medicine | C24: No Show
A25: A2106 | B25: General Medicine | C25: Rescheduled
A26: A6156 | B26: Pediatrics | C26: Completed
... A207: A5292 | B207: Cardiology | C207: Cancelled

Sheet Dept Efficiency Heatmap
A1: Department Operational Efficiency — Heat Map Data
A3: Department | B3: Completion % | C3: No-Show % | D3: Operational % | E3: Avg Wait (min) | F3: Satisfaction
A4: Cardiology | B4: 35.1 | C4: 13.5 | D4: 69.6 | E4: 40.1 | F4: 7.03
A5: Orthopedics | B5: 23.5 | C5: 41.2 | D5: 53.1 | E5: 42 | F5: 6.03
A6: Neurology | B6: 24.3 | C6: 27 | D6: 64.7 | E6: 42.3 | F6: 6.36
A7: Oncology | B7: 20.6 | C7: 32.4 | D7: 38.5 | E7: 39.4 | F7: 6.51
A8: Pediatrics | B8: 28.9 | C8: 15.8 | D8: 64.3 | E8: 41.4 | F8: 6.24
A9: General Medicine | B9: 34.6 | C9: 23.1 | D9: 56.1 | E9: 43.9 | F9: 5.48
A11: Note: Green = strong performance, Red = critical. No-Show % and Avg Wait inverted (lower is better).
